type,test_idx,train_idx,similarity
unrelated,0,0,0.040253
unrelated,0,1,0.001982
unrelated,0,2,-0.042196
unrelated,0,3,0.001961
unrelated,0,4,-0.058973
unrelated,0,5,-0.050243
unrelated,0,6,0.025489
unrelated,0,7,-0.009344
unrelated,0,8,0.026757
unrelated,0,9,-0.021661
unrelated,0,10,0.019963
unrelated,0,11,-0.012399
unrelated,0,12,0.057080
unrelated,0,13,-0.005416
unrelated,0,14,-0.000000
unrelated,0,15,0.054598
unrelated,0,16,0.023567
unrelated,0,17,-0.047374
unrelated,0,18,0.034576
unrelated,0,19,-0.010712
unrelated,0,20,0.037609
unrelated,0,21,-0.028438
unrelated,0,22,-0.037876
unrelated,0,23,0.082290
unrelated,0,24,0.006991
unrelated,0,25,-0.039093
unrelated,0,26,0.019566
unrelated,0,27,-0.011556
unrelated,0,28,0.079581
unrelated,0,29,-0.023424
unrelated,0,30,-0.034951
unrelated,0,31,0.030744
unrelated,0,32,0.011810
unrelated,0,33,0.000241
unrelated,0,34,0.005280
related,0,35,0.018720
unrelated,0,36,0.024304
unrelated,0,37,0.040418
unrelated,0,38,-0.025474
unrelated,0,39,0.048880
unrelated,0,40,0.039247
unrelated,0,41,0.048907
unrelated,0,42,0.031270
related,0,43,0.124437
unrelated,0,44,-0.007008
unrelated,0,45,0.008841
unrelated,0,46,-0.005411
unrelated,0,47,-0.004130
unrelated,0,48,0.006941
unrelated,0,49,-0.010739
unrelated,0,50,0.057969
unrelated,0,51,-0.040261
unrelated,0,52,0.016682
unrelated,0,53,-0.035638
unrelated,0,54,0.002962
unrelated,0,55,0.013147
unrelated,0,56,0.037187
unrelated,0,57,0.044476
unrelated,0,58,-0.036536
unrelated,0,59,-0.013413
unrelated,0,60,0.003458
unrelated,0,61,-0.027389
unrelated,0,62,0.021417
unrelated,0,63,-0.032329
unrelated,0,64,-0.032937
unrelated,0,65,0.002469
unrelated,0,66,0.023504
unrelated,0,67,0.008790
unrelated,0,68,0.001760
unrelated,0,69,-0.040444
unrelated,0,70,-0.022853
unrelated,0,71,0.009813
unrelated,0,72,0.012623
unrelated,0,73,-0.042979
unrelated,0,74,-0.001752
unrelated,0,75,0.008240
unrelated,0,76,-0.000738
unrelated,0,77,0.072586
unrelated,0,78,-0.036206
unrelated,0,79,0.032298
unrelated,0,80,-0.029384
unrelated,0,81,-0.005465
unrelated,0,82,0.007018
unrelated,0,83,0.035619
unrelated,0,84,0.047721
unrelated,0,85,-0.006718
unrelated,0,86,-0.002873
unrelated,0,87,0.018308
unrelated,0,88,0.034257
unrelated,0,89,-0.053063
unrelated,0,90,0.073971
unrelated,0,91,-0.014490
unrelated,0,92,-0.006431
unrelated,0,93,0.007790
unrelated,0,94,0.018596
unrelated,0,95,-0.053361
unrelated,0,96,-0.063573
unrelated,0,97,-0.019113
unrelated,0,98,-0.032345
unrelated,0,99,0.004172
unrelated,0,100,-0.004399
unrelated,0,101,0.005021
unrelated,0,102,-0.026843
unrelated,0,103,-0.000931
unrelated,0,104,0.008540
unrelated,0,105,0.037755
unrelated,0,106,-0.021984
unrelated,0,107,-0.015266
unrelated,0,108,0.016575
unrelated,0,109,-0.031442
unrelated,0,110,-0.028636
unrelated,0,111,0.001012
unrelated,0,112,-0.040526
unrelated,0,113,-0.017092
unrelated,0,114,-0.015818
unrelated,0,115,0.034905
unrelated,0,116,0.058196
unrelated,0,117,-0.018787
unrelated,0,118,-0.016577
unrelated,0,119,0.024045
unrelated,0,120,-0.028447
unrelated,0,121,-0.039765
unrelated,0,122,-0.008087
unrelated,0,123,-0.019604
unrelated,0,124,-0.004902
unrelated,0,125,-0.025891
unrelated,0,126,-0.032615
unrelated,0,127,0.055184
unrelated,0,128,0.028046
unrelated,0,129,0.005307
unrelated,0,130,-0.033889
unrelated,0,131,0.025121
unrelated,0,132,0.048300
unrelated,0,133,-0.033287
unrelated,0,134,0.015523
unrelated,0,135,0.023607
unrelated,0,136,0.024526
unrelated,0,137,-0.021930
unrelated,0,138,-0.069944
unrelated,0,139,0.000252
unrelated,0,140,0.003441
unrelated,0,141,-0.015728
unrelated,0,142,-0.029254
unrelated,0,143,0.010294
unrelated,0,144,-0.051542
unrelated,0,145,-0.027511
unrelated,0,146,0.022156
unrelated,0,147,0.010502
unrelated,0,148,-0.035388
unrelated,0,149,-0.010804
unrelated,0,150,0.007096
unrelated,0,151,0.031285
unrelated,0,152,0.002997
unrelated,0,153,0.020064
unrelated,0,154,-0.044789
unrelated,0,155,0.024827
unrelated,0,156,0.028546
unrelated,0,157,-0.028859
unrelated,0,158,0.040468
unrelated,0,159,-0.035585
unrelated,0,160,-0.006766
unrelated,0,161,-0.061769
unrelated,0,162,0.082457
unrelated,0,163,0.002680
unrelated,0,164,-0.071490
unrelated,0,165,0.052853
unrelated,0,166,0.007156
unrelated,0,167,0.007279
unrelated,0,168,0.056948
unrelated,0,169,-0.017459
unrelated,0,170,0.023970
unrelated,0,171,0.006959
unrelated,0,172,-0.024665
unrelated,0,173,0.038338
unrelated,0,174,-0.029781
unrelated,0,175,0.003640
unrelated,0,176,0.032195
unrelated,0,177,0.009094
unrelated,0,178,-0.021454
unrelated,0,179,0.027133
unrelated,0,180,-0.017123
unrelated,0,181,-0.010523
unrelated,0,182,-0.015769
unrelated,0,183,-0.018909
unrelated,0,184,-0.027393
unrelated,0,185,0.021994
unrelated,0,186,-0.024455
unrelated,0,187,-0.009507
unrelated,0,188,0.046204
unrelated,0,189,-0.031177
unrelated,0,190,0.002855
unrelated,0,191,-0.050173
unrelated,0,192,0.006906
unrelated,0,193,0.003040
unrelated,0,194,-0.018462
related,0,195,0.113614
unrelated,0,196,-0.014566
unrelated,0,197,0.011688
unrelated,0,198,-0.024715
unrelated,0,199,0.002028
unrelated,0,200,-0.030019
unrelated,0,201,-0.054121
unrelated,0,202,0.033537
unrelated,0,203,0.026554
unrelated,0,204,0.018045
related,0,205,-0.045316
unrelated,0,206,-0.052807
unrelated,0,207,0.024665
unrelated,0,208,-0.043424
unrelated,0,209,-0.006314
unrelated,0,210,-0.007589
unrelated,0,211,0.013443
unrelated,0,212,-0.004251
unrelated,0,213,0.012853
unrelated,0,214,-0.044776
related,0,215,0.137329
unrelated,0,216,-0.003720
related,0,217,0.112413
unrelated,0,218,-0.065252
unrelated,0,219,-0.028521
unrelated,0,220,-0.022579
unrelated,0,221,0.025546
unrelated,0,222,-0.025936
unrelated,0,223,-0.030173
unrelated,0,224,0.046945
unrelated,0,225,0.021956
unrelated,0,226,-0.023128
unrelated,0,227,0.011796
unrelated,0,228,0.004949
unrelated,0,229,-0.009061
unrelated,0,230,0.008888
related,0,231,-0.020906
unrelated,0,232,-0.010554
unrelated,0,233,0.022248
unrelated,0,234,-0.034906
unrelated,0,235,0.055611
unrelated,0,236,-0.004079
unrelated,0,237,0.020536
unrelated,0,238,0.019686
unrelated,0,239,0.030592
unrelated,0,240,0.018735
related,0,241,0.049983
related,0,242,0.043039
related,0,243,0.053950
unrelated,0,244,0.038079
unrelated,0,245,0.010498
unrelated,0,246,-0.064984
unrelated,0,247,-0.017912
unrelated,0,248,-0.047704
unrelated,0,249,-0.052453
unrelated,1,0,0.042929
unrelated,1,1,-0.008258
unrelated,1,2,-0.012531
unrelated,1,3,0.013460
unrelated,1,4,-0.005811
unrelated,1,5,0.050997
unrelated,1,6,0.020668
unrelated,1,7,0.011042
unrelated,1,8,0.038651
unrelated,1,9,0.015869
unrelated,1,10,-0.051476
unrelated,1,11,0.026551
unrelated,1,12,0.019798
unrelated,1,13,-0.006759
unrelated,1,14,0.034416
unrelated,1,15,0.025335
unrelated,1,16,0.003370
unrelated,1,17,0.015328
unrelated,1,18,0.053560
unrelated,1,19,0.009527
unrelated,1,20,0.002881
unrelated,1,21,-0.025946
unrelated,1,22,0.023893
unrelated,1,23,0.002783
unrelated,1,24,0.011752
unrelated,1,25,0.028334
unrelated,1,26,-0.017710
unrelated,1,27,0.000206
unrelated,1,28,0.010663
unrelated,1,29,-0.041171
unrelated,1,30,0.006471
unrelated,1,31,0.005422
unrelated,1,32,-0.017371
unrelated,1,33,-0.021989
unrelated,1,34,-0.076676
unrelated,1,35,-0.010145
unrelated,1,36,-0.031694
unrelated,1,37,-0.006408
unrelated,1,38,0.042096
unrelated,1,39,0.004357
unrelated,1,40,0.022741
unrelated,1,41,-0.044102
unrelated,1,42,0.052198
related,1,43,0.347103
unrelated,1,44,0.012287
unrelated,1,45,0.013128
unrelated,1,46,0.022378
unrelated,1,47,0.014532
unrelated,1,48,0.028867
unrelated,1,49,-0.019799
unrelated,1,50,0.015415
unrelated,1,51,0.003370
unrelated,1,52,0.013513
unrelated,1,53,0.026024
unrelated,1,54,-0.060035
unrelated,1,55,0.018387
unrelated,1,56,0.005994
unrelated,1,57,-0.007146
unrelated,1,58,0.005810
unrelated,1,59,-0.030849
unrelated,1,60,-0.036332
unrelated,1,61,0.077123
unrelated,1,62,0.019071
unrelated,1,63,-0.043143
unrelated,1,64,-0.016026
unrelated,1,65,-0.009683
unrelated,1,66,0.065851
unrelated,1,67,0.021917
unrelated,1,68,0.053007
unrelated,1,69,-0.009002
unrelated,1,70,-0.002923
unrelated,1,71,0.013043
unrelated,1,72,0.000990
unrelated,1,73,0.057163
unrelated,1,74,0.007732
unrelated,1,75,0.036481
unrelated,1,76,0.048012
unrelated,1,77,0.037993
unrelated,1,78,-0.005836
unrelated,1,79,0.002399
unrelated,1,80,0.006506
unrelated,1,81,0.001949
unrelated,1,82,-0.009032
unrelated,1,83,-0.047402
unrelated,1,84,0.011699
unrelated,1,85,-0.005124
unrelated,1,86,0.039448
unrelated,1,87,0.040016
unrelated,1,88,-0.031659
unrelated,1,89,-0.019694
unrelated,1,90,0.059417
unrelated,1,91,0.005684
unrelated,1,92,0.033333
unrelated,1,93,-0.056919
unrelated,1,94,0.028853
unrelated,1,95,-0.052326
unrelated,1,96,0.046522
unrelated,1,97,-0.014773
unrelated,1,98,0.005207
unrelated,1,99,0.040699
unrelated,1,100,-0.006711
unrelated,1,101,0.051811
unrelated,1,102,0.065805
unrelated,1,103,-0.044742
unrelated,1,104,-0.005503
unrelated,1,105,-0.005895
unrelated,1,106,0.027370
unrelated,1,107,-0.003190
unrelated,1,108,0.015761
unrelated,1,109,-0.069495
unrelated,1,110,-0.024985
unrelated,1,111,0.089330
unrelated,1,112,-0.027398
unrelated,1,113,-0.018649
unrelated,1,114,-0.036193
unrelated,1,115,-0.026726
unrelated,1,116,0.068673
unrelated,1,117,-0.031460
unrelated,1,118,-0.009948
unrelated,1,119,0.008661
unrelated,1,120,-0.027895
unrelated,1,121,-0.010015
unrelated,1,122,0.020957
unrelated,1,123,-0.025869
unrelated,1,124,-0.005768
unrelated,1,125,-0.032474
unrelated,1,126,0.016358
unrelated,1,127,-0.003659
unrelated,1,128,-0.057186
unrelated,1,129,0.019871
unrelated,1,130,-0.026632
unrelated,1,131,0.016065
unrelated,1,132,0.001718
unrelated,1,133,-0.003286
unrelated,1,134,0.006660
unrelated,1,135,0.001929
unrelated,1,136,0.052517
unrelated,1,137,-0.011579
unrelated,1,138,-0.008604
unrelated,1,139,-0.017525
unrelated,1,140,0.024100
unrelated,1,141,0.001667
unrelated,1,142,-0.005453
unrelated,1,143,0.013939
unrelated,1,144,0.017965
unrelated,1,145,-0.028904
unrelated,1,146,-0.032348
unrelated,1,147,0.041879
unrelated,1,148,-0.029036
unrelated,1,149,-0.039835
unrelated,1,150,-0.019435
unrelated,1,151,-0.051289
unrelated,1,152,0.008363
unrelated,1,153,-0.009473
unrelated,1,154,-0.060513
unrelated,1,155,-0.025319
unrelated,1,156,-0.081030
unrelated,1,157,0.013292
unrelated,1,158,-0.003522
unrelated,1,159,-0.040673
unrelated,1,160,0.011847
unrelated,1,161,0.068006
unrelated,1,162,0.012458
unrelated,1,163,0.003583
unrelated,1,164,-0.050425
unrelated,1,165,-0.004485
unrelated,1,166,0.014714
unrelated,1,167,-0.011282
unrelated,1,168,0.036669
unrelated,1,169,0.027730
unrelated,1,170,0.016159
unrelated,1,171,0.026322
unrelated,1,172,-0.023338
unrelated,1,173,-0.028136
unrelated,1,174,0.025866
unrelated,1,175,-0.041645
unrelated,1,176,0.011327
unrelated,1,177,0.021798
unrelated,1,178,-0.037782
unrelated,1,179,0.010136
unrelated,1,180,0.012866
unrelated,1,181,-0.038328
unrelated,1,182,-0.001289
unrelated,1,183,0.032329
unrelated,1,184,0.002615
unrelated,1,185,-0.040852
unrelated,1,186,0.007674
unrelated,1,187,0.015680
unrelated,1,188,-0.008859
unrelated,1,189,0.039941
unrelated,1,190,0.009260
unrelated,1,191,-0.049591
unrelated,1,192,0.012697
unrelated,1,193,0.030231
unrelated,1,194,0.005325
related,1,195,0.107312
unrelated,1,196,-0.019701
unrelated,1,197,-0.063648
unrelated,1,198,-0.015510
unrelated,1,199,0.019033
unrelated,1,200,-0.012473
unrelated,1,201,0.023311
unrelated,1,202,-0.002720
unrelated,1,203,-0.008342
unrelated,1,204,0.005426
related,1,205,-0.034348
unrelated,1,206,-0.040180
unrelated,1,207,-0.016973
unrelated,1,208,-0.017420
unrelated,1,209,0.007429
unrelated,1,210,0.020671
unrelated,1,211,-0.019234
unrelated,1,212,-0.013382
unrelated,1,213,-0.058568
unrelated,1,214,-0.056524
related,1,215,0.003718
related,1,216,0.097026
related,1,217,0.001702
unrelated,1,218,0.047750
unrelated,1,219,0.003356
unrelated,1,220,-0.022628
unrelated,1,221,0.037093
unrelated,1,222,0.033111
unrelated,1,223,0.009086
unrelated,1,224,0.013722
unrelated,1,225,0.038058
unrelated,1,226,0.003489
unrelated,1,227,0.029560
unrelated,1,228,0.009072
unrelated,1,229,0.015083
unrelated,1,230,0.003533
related,1,231,-0.022636
unrelated,1,232,-0.030061
unrelated,1,233,0.035053
unrelated,1,234,-0.049337
unrelated,1,235,0.030188
unrelated,1,236,-0.074318
unrelated,1,237,0.043915
unrelated,1,238,0.006714
unrelated,1,239,-0.033020
unrelated,1,240,-0.065553
related,1,241,-0.000216
related,1,242,-0.001855
related,1,243,-0.035551
unrelated,1,244,-0.032673
unrelated,1,245,0.028782
unrelated,1,246,-0.007454
unrelated,1,247,-0.021420
unrelated,1,248,-0.019364
unrelated,1,249,0.022345
unrelated,2,0,0.019930
unrelated,2,1,-0.009253
unrelated,2,2,0.008296
unrelated,2,3,0.034973
unrelated,2,4,0.050208
unrelated,2,5,-0.046503
unrelated,2,6,0.052042
unrelated,2,7,-0.001649
unrelated,2,8,-0.073254
unrelated,2,9,0.033042
related,2,10,-0.033677
unrelated,2,11,0.045524
unrelated,2,12,-0.022788
unrelated,2,13,0.005324
unrelated,2,14,0.023166
unrelated,2,15,0.043131
unrelated,2,16,-0.010619
unrelated,2,17,0.030023
unrelated,2,18,0.029557
unrelated,2,19,0.008082
unrelated,2,20,0.010398
related,2,72,0.154368
related,2,96,-0.032181
related,2,106,0.009956
related,2,196,0.110601
related,2,200,0.026010
related,2,206,0.132474
related,2,216,0.021209
related,2,224,-0.016419
related,2,225,0.102252
related,2,235,0.091767
related,2,249,0.101862
related,3,7,0.020831
related,3,11,0.005191
related,3,31,0.140665
related,3,167,-0.013992
related,3,180,-0.021943
related,3,196,-0.047105
related,3,197,0.237849
related,3,212,-0.016391
related,3,230,0.009152
related,3,236,0.063134
related,3,248,0.133307
related,4,37,0.051258
related,4,58,0.002139
related,4,72,0.144117
related,4,74,0.114908
related,4,121,-0.018827
related,4,174,-0.012491
related,4,198,0.130141
related,4,206,0.186888
related,4,212,0.051686
related,4,225,0.019215
related,4,226,0.092268
related,4,229,-0.001217
related,4,234,-0.005098
related,4,237,0.134813
related,4,248,0.031185
related,5,220,0.142483
related,6,34,-0.031069
related,6,39,0.122761
related,6,63,0.177803
related,6,130,-0.097244
related,6,201,0.092998
related,6,219,0.094551
related,7,66,0.019216
related,7,69,-0.001007
related,7,72,-0.039174
related,7,85,0.013628
related,7,87,0.331992
related,7,90,0.125501
related,7,114,0.114306
related,7,127,-0.004382
related,7,195,0.092182
related,7,207,0.093697
related,7,211,0.086723
related,7,217,0.046000
related,7,221,0.001744
related,7,227,0.032123
related,7,229,-0.012395
related,7,233,-0.020789
related,7,237,0.025094
related,7,240,0.067584
related,7,246,0.012435
related,7,249,0.072602
related,8,196,0.123989
related,8,200,0.027101
related,8,216,0.044960
related,8,225,0.015220
related,8,235,0.154615
related,9,51,0.001243
related,9,56,0.132342
related,9,66,0.046883
related,9,87,0.083557
related,9,90,0.110189
related,9,127,0.022277
related,9,197,0.128459
related,9,207,-0.031337
related,9,209,0.072686
related,9,211,0.078125
related,9,212,0.014048
related,9,227,0.011283
related,9,230,-0.068612
related,9,236,0.115252
related,9,246,0.027321
related,9,247,-0.013938
related,9,248,0.187423
related,10,8,0.171037
related,10,75,-0.007968
related,10,76,0.118933
related,10,106,0.105388
related,10,107,0.019817
related,10,225,-0.001835
related,10,234,-0.015648
related,11,4,0.030333
related,11,5,0.168914
related,11,8,0.209776
related,11,23,0.137450
related,11,25,0.076038
related,11,31,0.080634
related,11,36,0.147553
related,11,57,0.163835
related,11,79,0.239302
related,11,112,0.100003
related,11,181,0.137892
related,11,225,0.112986
related,11,235,0.154039
related,12,28,-0.040527
related,12,78,0.170445
related,12,110,0.100173
related,12,124,-0.027648
related,12,157,0.022630
related,12,179,0.103931
related,12,206,0.127924
related,13,83,0.208524
related,13,111,0.185736
related,14,150,0.138784
related,14,153,0.093919
related,15,5,0.167241
related,15,7,0.147712
related,15,8,0.156628
related,15,25,0.121241
related,15,31,0.130381
related,15,57,0.082417
related,15,181,0.415133
related,15,225,0.100738
related,16,77,0.096742
related,16,78,0.160765
related,16,84,0.426619
related,16,86,0.018231
related,16,109,0.164653
related,16,112,0.186124
related,16,113,0.307962
related,16,126,0.161693
related,16,129,0.117437
related,16,149,0.109672
related,17,51,0.101380
related,17,56,-0.028307
related,17,114,0.059885
related,17,209,0.201641
related,17,211,0.150568
related,17,212,0.160692
related,17,236,0.215504
related,17,247,-0.007411
related,17,248,0.004153
related,18,4,0.258327
related,18,6,0.184210
related,18,8,-0.046826
related,18,11,0.392403
related,18,27,0.165760
related,18,31,-0.041498
related,18,38,0.194348
related,18,46,0.156889
related,18,62,0.191987
related,18,75,0.207139
related,18,107,0.147651
related,18,108,0.114956
related,18,167,0.026007
related,18,180,0.365963
related,18,225,0.137364
related,18,226,0.128439
related,18,234,0.136588
related,19,5,0.127789
related,19,8,0.206973
related,19,25,0.122161
related,19,31,0.062397
related,19,57,0.135279
related,19,181,0.173470
related,19,225,0.168408
related,20,29,0.130617
related,20,40,0.074252
related,20,47,0.037097
related,20,76,0.169426
related,20,80,0.292274
related,20,90,-0.020544
related,20,110,0.081967
related,20,115,0.023081
related,20,116,-0.013604
related,20,125,0.038160
related,20,127,-0.009480
related,20,133,0.096616
related,20,141,0.142801
related,20,149,0.093662
related,20,157,0.328243
related,20,161,0.125876
related,20,166,0.117117
related,20,172,0.098045
related,20,179,-0.053883
related,20,191,0.124650
related,20,194,0.119612
related,20,206,0.030004
related,20,219,0.075299
related,20,228,0.136713
related,21,76,0.170433
related,21,80,0.001051
related,21,116,0.184754
related,21,131,0.130493
related,21,140,0.096426
related,21,141,0.071142
related,21,147,0.107343
related,21,152,0.102445
related,21,179,0.129358
related,21,184,0.163625
related,21,194,0.093645
related,21,228,0.006439
related,21,229,0.101122
related,22,19,-0.025201
related,22,67,-0.027099
related,22,76,0.167040
related,22,78,0.141879
related,22,80,0.110539
related,22,82,0.029335
related,22,108,0.138035
related,22,109,0.030013
related,22,111,0.175496
related,22,116,0.148844
related,22,122,-0.004869
related,22,124,0.124243
related,22,177,0.125783
related,22,183,0.146870
related,23,183,0.126701
related,24,29,0.075282
related,24,40,0.071473
related,24,90,-0.002776
related,24,110,0.082498
related,24,125,0.028523
related,24,127,-0.020387
related,24,133,0.103352
related,24,141,0.139675
related,24,149,0.116735
related,24,157,0.118995
related,24,161,0.117548
related,24,166,0.078875
related,24,172,0.112088
related,24,191,0.027199
related,24,219,0.063242
related,25,4,0.051574
related,25,23,0.130181
related,25,36,0.164459
related,25,47,0.133214
related,25,79,0.115884
related,25,80,0.124217
related,25,194,0.117601
related,25,235,0.131851
related,26,58,0.138005
related,27,84,-0.026804
related,27,113,-0.067132
related,27,114,0.170157
related,28,47,0.115600
related,28,80,0.110145
related,28,178,0.094739
related,28,182,0.140416
related,28,194,0.063752
related,28,213,-0.036100
related,28,214,-0.023716
related,28,228,0.084704
related,29,8,0.006026
related,29,75,0.036609
related,29,76,0.017179
related,29,80,0.162970
related,29,107,0.028540
related,29,116,0.003156
related,29,225,-0.017033
related,29,228,0.112666
related,29,234,0.016248
related,30,76,0.151323
related,30,106,0.164320
related,31,79,0.145375
related,31,112,0.203089
related,32,19,-0.019395
related,32,28,-0.001673
related,32,67,0.016719
related,32,76,0.151861
related,32,78,0.438755
related,32,84,0.109376
related,32,108,0.152453
related,32,110,0.143753
related,32,111,0.167894
related,32,122,0.008473
related,32,124,0.158185
related,32,126,0.038488
related,33,11,0.058655
related,33,26,0.136250
related,33,29,0.063753
related,33,31,-0.018263
related,33,34,0.017759
related,33,36,0.108925
related,33,40,0.319895
related,33,83,0.140051
related,33,87,0.040597
related,33,90,0.098640
related,33,110,0.309782
related,33,111,0.131912
related,33,125,0.000998
related,33,127,0.064276
related,33,133,0.311367
related,33,141,0.108260
related,33,149,0.288049
related,33,157,0.072645
related,33,161,0.324110
related,33,166,0.286373
related,33,167,-0.018453
related,33,172,0.340509
related,33,180,0.099334
related,33,186,0.040871
related,33,191,0.128263
related,33,219,0.343505
related,34,151,-0.047413
related,35,21,0.136082
related,36,84,0.149581
related,36,113,0.179297
related,36,131,0.183029
related,36,137,0.021902
related,36,140,0.147363
related,36,141,0.157125
related,36,147,0.157264
related,36,152,0.092482
related,36,179,0.100002
related,36,183,0.196405
related,36,184,0.132727
related,36,194,0.119885
related,36,229,0.113966
related,37,38,0.011266
related,37,114,0.069457
related,37,159,0.142539
related,37,160,0.185210
related,38,0,0.144393
related,38,1,0.122549
related,38,8,-0.043748
related,38,10,0.199869
related,38,14,0.147786
related,38,28,0.136979
related,38,32,0.183539
related,38,41,0.142443
related,38,55,0.118265
related,38,75,0.132609
related,38,107,0.135672
related,38,182,0.119941
related,38,225,0.086996
related,38,227,0.107108
related,38,234,0.166582
related,39,2,0.096368
related,39,3,0.154144
related,39,9,0.137003
related,39,22,0.133217
related,39,29,0.111999
related,39,37,0.123835
related,39,39,0.164682
related,39,42,0.114760
related,39,75,0.082437
related,39,80,0.117358
related,39,82,0.260625
related,39,84,-0.002639
related,39,105,0.136971
related,39,107,0.059433
related,39,110,0.140621
related,39,113,0.079481
related,39,118,0.019109
related,39,177,0.132417
related,39,180,0.141693
related,39,183,0.123333
related,39,200,0.003684
related,40,44,0.100586
related,40,72,-0.075673
related,40,76,-0.031438
related,40,80,0.158453
related,40,114,0.149861
related,40,116,0.028429
related,40,165,0.038083
related,40,207,0.123054
related,40,211,0.067965
related,40,221,-0.022183
related,40,228,0.119683
related,40,244,0.005404
related,40,249,0.090461
related,41,51,0.074586
related,41,56,0.047391
related,41,76,0.081416
related,41,80,-0.024557
related,41,116,0.024973
related,41,199,0.034457
related,41,209,0.187855
related,41,211,0.139365
related,41,212,0.120393
related,41,228,-0.037752
related,41,232,0.072200
related,41,236,0.108970
related,41,247,-0.020579
related,41,248,-0.010713
related,42,77,0.080261
related,42,84,0.094955
related,42,109,0.119240
related,42,112,0.177405
related,42,126,0.107327
related,42,129,0.173601
related,42,149,0.169784
related,43,231,0.131032
related,46,47,-0.035850
related,46,78,-0.004713
related,46,80,0.116295
related,46,86,0.020077
related,46,113,0.018300
related,46,194,0.132091
related,47,114,0.125665
related,48,84,0.129881
related,48,113,0.165436
related,48,175,0.161512
related,48,193,-0.029541
related,48,209,-0.010375
related,49,6,0.041546
related,49,38,0.151183
related,49,39,-0.040362
related,49,47,-0.010722
related,49,80,0.014499
related,49,97,0.016690
related,49,102,-0.009224
related,49,194,-0.002614
related,50,8,0.034478
related,50,34,0.120008
related,50,40,0.138822
related,50,75,-0.009636
related,50,76,0.091952
related,50,106,0.091811
related,50,107,-0.007116
related,50,225,0.035586
related,50,234,-0.002445
related,51,57,0.164991
related,51,79,0.121735
related,51,112,0.181094
related,51,143,0.097102
related,51,144,0.140098
related,51,146,0.134453
related,52,28,0.013629
related,52,78,0.103664
related,52,110,0.065981
related,52,124,-0.024414
related,52,131,0.124147
related,52,140,0.076943
related,52,141,0.058225
related,52,147,0.081990
related,52,152,0.071550
related,52,157,-0.016723
related,52,179,0.154754
related,52,184,0.155887
related,52,194,0.091376
related,52,206,0.118296
related,52,229,0.100265
related,53,29,0.051529
related,53,34,0.144661
related,53,40,0.321354
related,53,83,0.100582
related,53,87,0.003153
related,53,90,0.105634
related,53,110,0.291702
related,53,111,0.111457
related,53,125,-0.045904
related,53,127,0.118957
related,53,130,0.050677
related,53,133,0.309367
related,53,141,0.080704
related,53,149,0.289382
related,53,154,-0.033124
related,53,155,-0.060553
related,53,157,0.091219
related,53,161,0.260988
related,53,166,0.259038
related,53,172,0.309471
related,53,186,0.039545
related,53,191,0.087508
related,53,219,0.292013
related,54,156,0.111924
related,55,157,0.147902
related,55,179,0.196322
related,55,206,0.180120
related,56,2,0.109932
related,56,3,0.140486
related,56,9,0.100098
related,56,22,0.141487
related,56,29,0.114259
related,56,37,0.125393
